,fra,jour,pop,P,T,Ti,Tp,Td,cl_age90
0,FR,2020-05-13,"67114992,00","901,00","39846,00","1,34","2,26","59,37",0
1,FR,2020-05-14,"67114992,00","1015,00","43174,00","1,51","2,35","64,33",0
2,FR,2020-05-15,"67114992,00","1044,00","48381,00","1,56","2,16","72,09",0
3,FR,2020-05-16,"67114992,00","292,00","16664,00","0,44","1,75","24,83",0
4,FR,2020-05-17,"67114992,00","142,00","6651,00","0,21","2,14","9,91",0
5,FR,2020-05-18,"67114992,00","1120,00","51898,00","1,67","2,16","77,33",0
6,FR,2020-05-19,"67114992,00","1057,00","53367,00","1,57","1,98","79,52",0
7,FR,2020-05-20,"67114992,00","1058,00","53688,00","1,58","1,97","79,99",0
8,FR,2020-05-21,"67114992,00","194,00","9775,00","0,29","1,98","14,56",0
9,FR,2020-05-22,"67114992,00","827,00","50917,00","1,23","1,62","75,87",0
10,FR,2020-05-23,"67114992,00","266,00","19107,00","0,40","1,39","28,47",0
11,FR,2020-05-24,"67114992,00","146,00","7249,00","0,22","2,01","10,80",0
12,FR,2020-05-25,"67114992,00","709,00","51943,00","1,06","1,36","77,39",0
13,FR,2020-05-26,"67114992,00","774,00","54120,00","1,15","1,43","80,64",0
14,FR,2020-05-27,"67114992,00","729,00","46753,00","1,09","1,56","69,66",0
15,FR,2020-05-28,"67114992,00","642,00","44713,00","0,96","1,44","66,62",0
16,FR,2020-05-29,"67114992,00","597,00","49630,00","0,89","1,20","73,95",0
17,FR,2020-05-30,"67114992,00","372,00","20343,00","0,55","1,83","30,31",0
18,FR,2020-05-31,"67114992,00","189,00","8562,00","0,28","2,21","12,76",0
19,FR,2020-06-01,"67114992,00","171,00","10055,00","0,25","1,70","14,98",0
20,FR,2020-06-02,"67114992,00","723,00","49107,00","1,08","1,47","73,17",0
21,FR,2020-06-03,"67114992,00","659,00","44970,00","0,98","1,47","67,00",0
22,FR,2020-06-04,"67114992,00","622,00","41595,00","0,93","1,50","61,98",0
23,FR,2020-06-05,"67114992,00","561,00","46761,00","0,84","1,20","69,67",0
24,FR,2020-06-06,"67114992,00","296,00","19726,00","0,44","1,50","29,39",0
25,FR,2020-06-07,"67114992,00","138,00","7592,00","0,21","1,82","11,31",0
26,FR,2020-06-08,"67114992,00","561,00","45380,00","0,84","1,24","67,62",0
27,FR,2020-06-09,"67114992,00","574,00","43945,00","0,86","1,31","65,48",0
28,FR,2020-06-10,"67114992,00","562,00","40711,00","0,84","1,38","60,66",0
29,FR,2020-06-11,"67114992,00","624,00","38814,00","0,93","1,61","57,83",0
30,FR,2020-06-12,"67114992,00","613,00","44577,00","0,91","1,38","66,42",0
31,FR,2020-06-13,"67114992,00","217,00","19229,00","0,32","1,13","28,65",0
32,FR,2020-06-14,"67114992,00","133,00","6676,00","0,20","1,99","9,95",0
33,FR,2020-06-15,"67114992,00","500,00","43907,00","0,74","1,14","65,42",0
34,FR,2020-06-16,"67114992,00","570,00","43063,00","0,85","1,32","64,16",0
35,FR,2020-06-17,"67114992,00","748,00","40189,00","1,11","1,86","59,88",0
36,FR,2020-06-18,"67114992,00","578,00","37967,00","0,86","1,52","56,57",0
37,FR,2020-06-19,"67114992,00","699,00","46056,00","1,04","1,52","68,62",0
38,FR,2020-06-20,"67114992,00","351,00","21740,00","0,52","1,61","32,39",0
39,FR,2020-06-21,"67114992,00","113,00","6523,00","0,17","1,73","9,72",0
40,FR,2020-06-22,"67114992,00","602,00","48506,00","0,90","1,24","72,27",0
41,FR,2020-06-23,"67114992,00","660,00","48447,00","0,98","1,36","72,19",0
42,FR,2020-06-24,"67114992,00","672,00","45653,00","1,00","1,47","68,02",0
43,FR,2020-06-25,"67114992,00","510,00","39965,00","0,76","1,28","59,55",0
44,FR,2020-06-26,"67114992,00","579,00","51333,00","0,86","1,13","76,49",0
45,FR,2020-06-27,"67114992,00","338,00","24670,00","0,50","1,37","36,76",0
46,FR,2020-06-28,"67114992,00","214,00","8244,00","0,32","2,60","12,28",0
47,FR,2020-06-29,"67114992,00","675,00","61815,00","1,01","1,09","92,10",0
48,FR,2020-06-30,"67114992,00","730,00","59781,00","1,09","1,22","89,07",0
49,FR,2020-07-01,"67114992,00","633,00","57321,00","0,94","1,10","85,41",0
50,FR,2020-07-02,"67114992,00","591,00","54985,00","0,88","1,07","81,93",0
51,FR,2020-07-03,"67114992,00","750,00","64398,00","1,12","1,16","95,95",0
52,FR,2020-07-04,"67114992,00","352,00","29230,00","0,52","1,20","43,55",0
53,FR,2020-07-05,"67114992,00","103,00","8549,00","0,15","1,20","12,74",0
54,FR,2020-07-06,"67114992,00","681,00","67145,00","1,01","1,01","100,04",0
55,FR,2020-07-07,"67114992,00","572,00","66313,00","0,85","0,86","98,81",0
56,FR,2020-07-08,"67114992,00","709,00","65196,00","1,06","1,09","97,14",0
57,FR,2020-07-09,"67114992,00","710,00","68831,00","1,06","1,03","102,56",0
58,FR,2020-07-10,"67114992,00","859,00","77240,00","1,28","1,11","115,09",0
59,FR,2020-07-11,"67114992,00","357,00","32656,00","0,53","1,09","48,66",0
60,FR,2020-07-12,"67114992,00","118,00","8532,00","0,18","1,38","12,71",0
61,FR,2020-07-13,"67114992,00","887,00","80812,00","1,32","1,10","120,41",0
62,FR,2020-07-14,"67114992,00","186,00","12403,00","0,28","1,50","18,48",0
63,FR,2020-07-15,"67114992,00","860,00","80331,00","1,28","1,07","119,69",0
64,FR,2020-07-16,"67114992,00","978,00","84534,00","1,46","1,16","125,95",0
65,FR,2020-07-17,"67114992,00","965,00","94271,00","1,44","1,02","140,46",0
66,FR,2020-07-18,"67114992,00","445,00","40730,00","0,66","1,09","60,69",0
67,FR,2020-07-19,"67114992,00","192,00","12303,00","0,29","1,56","18,33",0
68,FR,2020-07-20,"67114992,00","1035,00","93126,00","1,54","1,11","138,76",0
69,FR,2020-07-21,"67114992,00","1100,00","89316,00","1,64","1,23","133,08",0
70,FR,2020-07-22,"67114992,00","1176,00","89288,00","1,75","1,32","133,04",0
71,FR,2020-07-23,"67114992,00","1155,00","88362,00","1,72","1,31","131,66",0
72,FR,2020-07-24,"67114992,00","1283,00","96205,00","1,91","1,33","143,34",0
73,FR,2020-07-25,"67114992,00","627,00","43401,00","0,93","1,44","64,67",0
74,FR,2020-07-26,"67114992,00","264,00","14993,00","0,39","1,76","22,34",0
75,FR,2020-07-27,"67114992,00","1429,00","103290,00","2,13","1,38","153,90",0
76,FR,2020-07-28,"67114992,00","1368,00","104059,00","2,04","1,31","155,05",0
77,FR,2020-07-29,"67114992,00","1479,00","108089,00","2,20","1,37","161,05",0
78,FR,2020-07-30,"67114992,00","1555,00","105735,00","2,32","1,47","157,54",0
79,FR,2020-07-31,"67114992,00","1642,00","110217,00","2,45","1,49","164,22",0
80,FR,2020-08-01,"67114992,00","794,00","47672,00","1,18","1,67","71,03",0
81,FR,2020-08-02,"67114992,00","250,00","16527,00","0,37","1,51","24,62",0
82,FR,2020-08-03,"67114992,00","2026,00","113448,00","3,02","1,79","169,04",0
83,FR,2020-08-04,"67114992,00","2015,00","106732,00","3,00","1,89","159,03",0
84,FR,2020-08-05,"67114992,00","1966,00","106583,00","2,93","1,84","158,81",0
85,FR,2020-08-06,"67114992,00","2165,00","109853,00","3,23","1,97","163,68",0
86,FR,2020-08-07,"67114992,00","2310,00","112146,00","3,44","2,06","167,10",0
87,FR,2020-08-08,"67114992,00","1009,00","49809,00","1,50","2,03","74,21",0
88,FR,2020-08-09,"67114992,00","444,00","17140,00","0,66","2,59","25,54",0
89,FR,2020-08-10,"67114992,00","2858,00","116916,00","4,26","2,44","174,20",0
90,FR,2020-08-11,"67114992,00","2698,00","106644,00","4,02","2,53","158,90",0
91,FR,2020-08-12,"67114992,00","2899,00","111743,00","4,32","2,59","166,49",0
92,FR,2020-08-13,"67114992,00","3552,00","121169,00","5,29","2,93","180,54",0
93,FR,2020-08-14,"67114992,00","3885,00","132857,00","5,79","2,92","197,95",0
94,FR,2020-08-15,"67114992,00","772,00","26855,00","1,15","2,87","40,01",0
95,FR,2020-08-16,"67114992,00","689,00","22105,00","1,03","3,12","32,94",0
96,FR,2020-08-17,"67114992,00","5038,00","154361,00","7,51","3,26","229,99",0
97,FR,2020-08-18,"67114992,00","4751,00","145410,00","7,08","3,27","216,66",0
98,FR,2020-08-19,"67114992,00","4868,00","145203,00","7,25","3,35","216,35",0
99,FR,2020-08-20,"67114992,00","5139,00","153890,00","7,66","3,34","229,29",0
100,FR,2020-08-21,"67114992,00","5132,00","164861,00","7,65","3,11","245,64",0
101,FR,2020-08-22,"67114992,00","2239,00","69472,00","3,34","3,22","103,51",0
102,FR,2020-08-23,"67114992,00","1012,00","23602,00","1,51","4,29","35,17",0
103,FR,2020-08-24,"67114992,00","6982,00","187210,00","10,40","3,73","278,94",0
104,FR,2020-08-25,"67114992,00","6836,00","177738,00","10,19","3,85","264,83",0
105,FR,2020-08-26,"67114992,00","6713,00","182074,00","10,00","3,69","271,29",0
106,FR,2020-08-27,"67114992,00","7445,00","195160,00","11,09","3,81","290,78",0
107,FR,2020-08-28,"67114992,00","7645,00","201715,00","11,39","3,79","300,55",0
108,FR,2020-08-29,"67114992,00","3050,00","84919,00","4,54","3,59","126,53",0
109,FR,2020-08-30,"67114992,00","1316,00","27784,00","1,96","4,74","41,40",0
110,FR,2020-08-31,"67114992,00","9499,00","219626,00","14,15","4,33","327,24",0
111,FR,2020-09-01,"67114992,00","8877,00","196228,00","13,23","4,52","292,38",0
112,FR,2020-09-02,"67114992,00","9082,00","195224,00","13,53","4,65","290,88",0
113,FR,2020-09-03,"67114992,00","9766,00","203273,00","14,55","4,80","302,87",0
114,FR,2020-09-04,"67114992,00","10102,00","217625,00","15,05","4,64","324,26",0
115,FR,2020-09-05,"67114992,00","4055,00","93227,00","6,04","4,35","138,91",0
116,FR,2020-09-06,"67114992,00","1473,00","28464,00","2,19","5,17","42,41",0
117,FR,2020-09-07,"67114992,00","12264,00","244276,00","18,27","5,02","363,97",0
118,FR,2020-09-08,"67114992,00","11671,00","241312,00","17,39","4,84","359,55",0
119,FR,2020-09-09,"67114992,00","11340,00","237370,00","16,90","4,78","353,68",0
120,FR,2020-09-10,"67114992,00","12063,00","251255,00","17,97","4,80","374,36",0
121,FR,2020-09-11,"67114992,00","11295,00","260566,00","16,83","4,33","388,24",0
122,FR,2020-09-12,"67114992,00","4503,00","101947,00","6,71","4,42","151,90",0
123,FR,2020-09-13,"67114992,00","1570,00","29142,00","2,34","5,39","43,42",0
124,FR,2020-09-14,"67114992,00","14753,00","275472,00","21,98","5,36","410,45",0
125,FR,2020-09-15,"67114992,00","13535,00","265946,00","20,17","5,09","396,25",0
126,FR,2020-09-16,"67114992,00","13465,00","247194,00","20,06","5,45","368,31",0
127,FR,2020-09-17,"67114992,00","13763,00","244165,00","20,51","5,64","363,80",0
128,FR,2020-09-18,"67114992,00","13306,00","244482,00","19,83","5,44","364,27",0
129,FR,2020-09-19,"67114992,00","5223,00","94929,00","7,78","5,50","141,44",0
130,FR,2020-09-20,"67114992,00","1808,00","29836,00","2,69","6,06","44,46",0
131,FR,2020-09-21,"67114992,00","15656,00","243068,00","23,33","6,44","362,17",0
132,FR,2020-09-22,"67114992,00","14234,00","219126,00","21,21","6,50","326,49",0
133,FR,2020-09-23,"67114992,00","13008,00","202566,00","19,38","6,42","301,82",0
134,FR,2020-09-24,"67114992,00","12736,00","203441,00","18,98","6,26","303,12",0
135,FR,2020-09-25,"67114992,00","12289,00","209746,00","18,31","5,86","312,52",0
136,FR,2020-09-26,"67114992,00","4810,00","84890,00","7,17","5,67","126,48",0
137,FR,2020-09-27,"67114992,00","1391,00","23343,00","2,07","5,96","34,78",0
138,FR,2020-09-28,"67114992,00","13736,00","218618,00","20,47","6,28","325,74",0
139,FR,2020-09-29,"67114992,00","12800,00","195962,00","19,07","6,53","291,98",0
140,FR,2020-09-30,"67114992,00","13353,00","187834,00","19,90","7,11","279,87",0
141,FR,2020-10-01,"67114992,00","14651,00","191783,00","21,83","7,64","285,75",0
142,FR,2020-10-02,"67114992,00","16212,00","205988,00","24,16","7,87","306,92",0
143,FR,2020-10-03,"67114992,00","7235,00","89137,00","10,78","8,12","132,81",0
144,FR,2020-10-04,"67114992,00","1986,00","25102,00","2,96","7,91","37,40",0
145,FR,2020-10-05,"67114992,00","21460,00","235426,00","31,97","9,12","350,78",0
146,FR,2020-10-06,"67114992,00","19677,00","213581,00","29,32","9,21","318,23",0
147,FR,2020-10-07,"67114992,00","20736,00","209922,00","30,90","9,88","312,78",0
148,FR,2020-10-08,"67114992,00","22560,00","226364,00","33,61","9,97","337,28",0
149,FR,2020-10-09,"67114992,00","24088,00","253782,00","35,89","9,49","378,13",0
150,FR,2020-10-10,"67114992,00","11333,00","112292,00","16,89","10,09","167,31",0
151,FR,2020-10-11,"67114992,00","3235,00","31674,00","4,82","10,21","47,19",0
152,FR,2020-10-12,"67114992,00","31731,00","292300,00","47,28","10,86","435,52",0
153,FR,2020-10-13,"67114992,00","28601,00","270090,00","42,61","10,59","402,43",0
154,FR,2020-10-14,"67114992,00","28815,00","273498,00","42,93","10,54","407,51",0
155,FR,2020-10-15,"67114992,00","32043,00","294280,00","47,74","10,89","438,47",0
156,FR,2020-10-16,"67114992,00","33625,00","314914,00","50,10","10,68","469,22",0
157,FR,2020-10-17,"67114992,00","15307,00","137657,00","22,81","11,12","205,11",0
158,FR,2020-10-18,"67114992,00","4708,00","39293,00","7,01","11,98","58,55",0
159,FR,2020-10-19,"67114992,00","45304,00","346473,00","67,50","13,08","516,24",0
160,FR,2020-10-20,"67114992,00","44374,00","313269,00","66,12","14,16","466,76",0
161,FR,2020-10-21,"67114992,00","46771,00","321839,00","69,69","14,53","479,53",0
162,FR,2020-10-22,"67114992,00","51137,00","347557,00","76,19","14,71","517,85",0
163,FR,2020-10-23,"67114992,00","55394,00","378514,00","82,54","14,63","563,98",0
164,FR,2020-10-24,"67114992,00","25167,00","162158,00","37,50","15,52","241,61",0
165,FR,2020-10-25,"67114992,00","7329,00","46107,00","10,92","15,90","68,70",0
166,FR,2020-10-26,"67114992,00","68787,00","418403,00","102,49","16,44","623,41",0
167,FR,2020-10-27,"67114992,00","61563,00","376319,00","91,73","16,36","560,71",0
168,FR,2020-10-28,"67114992,00","56947,00","367991,00","84,85","15,48","548,30",0
169,FR,2020-10-29,"67114992,00","56206,00","377079,00","83,75","14,91","561,84",0
170,FR,2020-10-30,"67114992,00","58610,00","401775,00","87,33","14,59","598,64",0
171,FR,2020-10-31,"67114992,00","26293,00","172355,00","39,18","15,26","256,81",0
172,FR,2020-11-01,"67114992,00","6985,00","45714,00","10,41","15,28","68,11",0
173,FR,2020-11-02,"67114992,00","70130,00","436110,00","104,49","16,08","649,80",0
174,FR,2020-11-03,"67114992,00","59119,00","383162,00","88,09","15,43","570,90",0
175,FR,2020-11-04,"67114992,00","50145,00","354407,00","74,72","14,15","528,06",0
176,FR,2020-11-05,"67114992,00","46948,00","368576,00","69,95","12,74","549,17",0
177,FR,2020-11-06,"67114992,00","45032,00","376728,00","67,10","11,95","561,32",0
178,FR,2020-11-07,"67114992,00","17956,00","147226,00","26,75","12,20","219,36",0
179,FR,2020-11-08,"67114992,00","4384,00","34823,00","6,53","12,59","51,89",0
180,FR,2020-11-09,"67114992,00","47679,00","390610,00","71,04","12,21","582,00",0
181,FR,2020-11-10,"67114992,00","37435,00","350406,00","55,78","10,68","522,10",0
182,FR,2020-11-11,"67114992,00","5388,00","50687,00","8,03","10,63","75,52",0
183,FR,2020-11-12,"67114992,00","36546,00","360575,00","54,45","10,14","537,25",0
184,FR,2020-11-13,"67114992,00","28954,00","309492,00","43,14","9,36","461,14",0
185,FR,2020-11-14,"67114992,00","11009,00","115550,00","16,40","9,53","172,17",0
186,FR,2020-11-15,"67114992,00","2713,00","26588,00","4,04","10,20","39,62",0
187,FR,2020-11-16,"67114992,00","30360,00","312277,00","45,24","9,72","465,29",0
188,FR,2020-11-17,"67114992,00","21824,00","258595,00","32,52","8,44","385,30",0
189,FR,2020-11-18,"67114992,00","17377,00","215410,00","25,89","8,07","320,96",0
190,FR,2020-11-19,"67114992,00","16848,00","236995,00","25,10","7,11","353,12",0
191,FR,2020-11-20,"67114992,00","16266,00","247003,00","24,24","6,59","368,03",0
192,FR,2020-11-21,"67114992,00","7256,00","105562,00","10,81","6,87","157,29",0
193,FR,2020-11-22,"67114992,00","1842,00","24612,00","2,74","7,48","36,67",0
194,FR,2020-11-23,"67114992,00","17770,00","257772,00","26,48","6,89","384,08",0
195,FR,2020-11-24,"67114992,00","13750,00","214425,00","20,49","6,41","319,49",0
196,FR,2020-11-25,"67114992,00","12649,00","194953,00","18,85","6,49","290,48",0
197,FR,2020-11-26,"67114992,00","12542,00","208277,00","18,69","6,02","310,33",0
198,FR,2020-11-27,"67114992,00","12463,00","220722,00","18,57","5,65","328,87",0
199,FR,2020-11-28,"67114992,00","6081,00","99538,00","9,06","6,11","148,31",0
200,FR,2020-11-29,"67114992,00","1610,00","23778,00","2,40","6,77","35,43",0
201,FR,2020-11-30,"67114992,00","15873,00","239380,00","23,65","6,63","356,67",0
202,FR,2020-12-01,"67114992,00","12404,00","199702,00","18,48","6,21","297,55",0
203,FR,2020-12-02,"67114992,00","11555,00","180961,00","17,22","6,39","269,63",0
204,FR,2020-12-03,"67114992,00","12045,00","200355,00","17,95","6,01","298,52",0
205,FR,2020-12-04,"67114992,00","12567,00","218862,00","18,72","5,74","326,10",0
206,FR,2020-12-05,"67114992,00","6585,00","105223,00","9,81","6,26","156,78",0
207,FR,2020-12-06,"67114992,00","1754,00","26391,00","2,61","6,65","39,32",0
208,FR,2020-12-07,"67114992,00","16747,00","257445,00","24,95","6,51","383,59",0
209,FR,2020-12-08,"67114992,00","13258,00","225406,00","19,75","5,88","335,85",0
210,FR,2020-12-09,"67114992,00","12744,00","207141,00","18,99","6,15","308,64",0
211,FR,2020-12-10,"67114992,00","13568,00","226602,00","20,22","5,99","337,63",0
212,FR,2020-12-11,"67114992,00","14095,00","252528,00","21,00","5,58","376,26",0
213,FR,2020-12-12,"67114992,00","7850,00","133191,00","11,70","5,89","198,45",0
214,FR,2020-12-13,"67114992,00","2049,00","34380,00","3,05","5,96","51,23",0
215,FR,2020-12-14,"67114992,00","19700,00","329843,00","29,35","5,97","491,46",0
216,FR,2020-12-15,"67114992,00","15948,00","314189,00","23,76","5,08","468,14",0
217,FR,2020-12-16,"67114992,00","15406,00","337155,00","22,95","4,57","502,35",0
218,FR,2020-12-17,"67114992,00","15883,00","399389,00","23,67","3,98","595,08",0
219,FR,2020-12-18,"67114992,00","17501,00","507466,00","26,08","3,45","756,11",0
220,FR,2020-12-19,"67114992,00","10684,00","336158,00","15,92","3,18","500,87",0
221,FR,2020-12-20,"67114992,00","3673,00","118152,00","5,47","3,11","176,04",0
222,FR,2020-12-21,"67114992,00","21291,00","679808,00","31,72","3,13","1012,90",0
223,FR,2020-12-22,"67114992,00","18338,00","741916,00","27,32","2,47","1105,44",0
224,FR,2020-12-23,"67114992,00","16836,00","734870,00","25,09","2,29","1094,94",0
225,FR,2020-12-24,"67114992,00","12986,00","506023,00","19,35","2,57","753,96",0
226,FR,2020-12-25,"67114992,00","1306,00","38774,00","1,95","3,37","57,77",0
227,FR,2020-12-26,"67114992,00","9762,00","222824,00","14,55","4,38","332,00",0
228,FR,2020-12-27,"67114992,00","2097,00","48018,00","3,12","4,37","71,55",0
229,FR,2020-12-28,"67114992,00","22064,00","397772,00","32,87","5,55","592,67",0
230,FR,2020-12-29,"67114992,00","19540,00","366152,00","29,11","5,34","545,56",0
231,FR,2020-12-30,"67114992,00","19204,00","399605,00","28,61","4,81","595,40",0
232,FR,2020-12-31,"67114992,00","15552,00","337240,00","23,17","4,61","502,48",0
233,FR,2021-01-01,"67114992,00","1518,00","33243,00","2,26","4,57","49,53",0
234,FR,2021-01-02,"67114992,00","13402,00","229988,00","19,97","5,83","342,68",0
235,FR,2021-01-03,"67114992,00","2818,00","47184,00","4,20","5,97","70,30",0
236,FR,2021-01-04,"67114992,00","27821,00","427677,00","41,45","6,51","637,23",0
237,FR,2021-01-05,"67114992,00","22102,00","344243,00","32,93","6,42","512,92",0
238,FR,2021-01-06,"67114992,00","19483,00","313035,00","29,03","6,22","466,42",0
239,FR,2021-01-07,"67114992,00","18762,00","326650,00","27,96","5,74","486,70",0
240,FR,2021-01-08,"67114992,00","19401,00","350050,00","28,91","5,54","521,57",0
241,FR,2021-01-09,"67114992,00","10923,00","188864,00","16,28","5,78","281,40",0
242,FR,2021-01-10,"67114992,00","2577,00","42292,00","3,84","6,09","63,01",0
243,FR,2021-01-11,"67114992,00","26079,00","396990,00","38,86","6,57","591,51",0
244,FR,2021-01-12,"67114992,00","20326,00","337676,00","30,29","6,02","503,13",0
245,FR,2021-01-13,"67114992,00","19839,00","312634,00","29,56","6,35","465,82",0
246,FR,2021-01-14,"67114992,00","19961,00","322459,00","29,74","6,19","480,46",0
247,FR,2021-01-15,"67114992,00","20902,00","350057,00","31,14","5,97","521,58",0
248,FR,2021-01-16,"67114992,00","11827,00","198410,00","17,62","5,96","295,63",0
249,FR,2021-01-17,"67114992,00","2840,00","44625,00","4,23","6,36","66,49",0
250,FR,2021-01-18,"67114992,00","29124,00","397211,00","43,39","7,33","591,84",0
251,FR,2021-01-19,"67114992,00","22712,00","336837,00","33,84","6,74","501,88",0
252,FR,2021-01-20,"67114992,00","21500,00","320321,00","32,03","6,71","477,27",0
253,FR,2021-01-21,"67114992,00","21873,00","339952,00","32,59","6,43","506,52",0
254,FR,2021-01-22,"67114992,00","22825,00","382375,00","34,01","5,97","569,73",0
255,FR,2021-01-23,"67114992,00","12815,00","201359,00","19,09","6,36","300,02",0
256,FR,2021-01-24,"67114992,00","2755,00","42569,00","4,10","6,47","63,43",0
257,FR,2021-01-25,"67114992,00","29853,00","431084,00","44,48","6,93","642,31",0
258,FR,2021-01-26,"67114992,00","22208,00","359225,00","33,09","6,18","535,24",0
259,FR,2021-01-27,"67114992,00","21130,00","339931,00","31,48","6,22","506,49",0
260,FR,2021-01-28,"67114992,00","22402,00","384772,00","33,38","5,82","573,30",0
261,FR,2021-01-29,"67114992,00","23074,00","414048,00","34,38","5,57","616,92",0
262,FR,2021-01-30,"67114992,00","12880,00","216831,00","19,19","5,94","323,07",0
263,FR,2021-01-31,"67114992,00","3146,00","44487,00","4,69","7,07","66,28",0
264,FR,2021-02-01,"67114992,00","30047,00","441449,00","44,77","6,81","657,75",0
265,FR,2021-02-02,"67114992,00","22767,00","384709,00","33,92","5,92","573,21",0
266,FR,2021-02-03,"67114992,00","20728,00","350163,00","30,88","5,92","521,74",0
267,FR,2021-02-04,"67114992,00","20715,00","378764,00","30,86","5,47","564,35",0
268,FR,2021-02-05,"67114992,00","21471,00","422411,00","31,99","5,08","629,38",0
269,FR,2021-02-06,"67114992,00","12102,00","222151,00","18,03","5,45","331,00",0
270,FR,2021-02-07,"67114992,00","2613,00","43400,00","3,89","6,02","64,67",0
271,FR,2021-02-08,"67114992,00","25689,00","427520,00","38,28","6,01","637,00",0
272,FR,2021-02-09,"67114992,00","19810,00","379446,00","29,52","5,22","565,37",0
273,FR,2021-02-10,"67114992,00","18267,00","345339,00","27,22","5,29","514,55",0
274,FR,2021-02-11,"67114992,00","17491,00","363234,00","26,06","4,82","541,21",0
275,FR,2021-02-12,"67114992,00","18542,00","403086,00","27,63","4,60","600,59",0
276,FR,2021-02-13,"67114992,00","10755,00","216217,00","16,02","4,97","322,16",0
277,FR,2021-02-14,"67114992,00","2593,00","42757,00","3,86","6,06","63,71",0
278,FR,2021-02-15,"67114992,00","24973,00","420372,00","37,21","5,94","626,35",0
279,FR,2021-02-16,"67114992,00","19744,00","361077,00","29,42","5,47","538,00",0
280,FR,2021-02-17,"67114992,00","19701,00","338411,00","29,35","5,82","504,23",0
281,FR,2021-02-18,"67114992,00","20501,00","362650,00","30,55","5,65","540,34",0
282,FR,2021-02-19,"67114992,00","22274,00","404777,00","33,19","5,50","603,11",0
283,FR,2021-02-20,"67114992,00","12532,00","215475,00","18,67","5,82","321,05",0
284,FR,2021-02-21,"67114992,00","3040,00","43534,00","4,53","6,98","64,86",0
285,FR,2021-02-22,"67114992,00","29166,00","407118,00","43,46","7,16","606,60",0
286,FR,2021-02-23,"67114992,00","22187,00","344320,00","33,06","6,44","513,03",0
287,FR,2021-02-24,"67114992,00","21055,00","328995,00","31,37","6,40","490,20",0
288,FR,2021-02-25,"67114992,00","21028,00","344600,00","31,33","6,10","513,45",0
289,FR,2021-02-26,"67114992,00","21612,00","390031,00","32,20","5,54","581,14",0
290,FR,2021-02-27,"67114992,00","12621,00","206631,00","18,81","6,11","307,88",0
291,FR,2021-02-28,"67114992,00","2948,00","44447,00","4,39","6,63","66,23",0
292,FR,2021-03-01,"67114992,00","27426,00","404395,00","40,86","6,78","602,54",0
293,FR,2021-03-02,"67114992,00","21160,00","337625,00","31,53","6,27","503,05",0
294,FR,2021-03-03,"67114992,00","20461,00","320471,00","30,49","6,38","477,50",0
295,FR,2021-03-04,"67114992,00","20500,00","345262,00","30,54","5,94","514,43",0
296,FR,2021-03-05,"67114992,00","21919,00","396004,00","32,66","5,54","590,04",0
297,FR,2021-03-06,"67114992,00","13703,00","214087,00","20,42","6,40","318,99",0
298,FR,2021-03-07,"67114992,00","3153,00","46265,00","4,70","6,82","68,93",0
299,FR,2021-03-08,"67114992,00","29339,00","427894,00","43,71","6,86","637,55",0
300,FR,2021-03-09,"67114992,00","23646,00","370741,00","35,23","6,38","552,40",0
301,FR,2021-03-10,"67114992,00","23807,00","346285,00","35,47","6,87","515,96",0
302,FR,2021-03-11,"67114992,00","24632,00","410761,00","36,70","6,00","612,03",0
303,FR,2021-03-12,"67114992,00","26454,00","464838,00","39,42","5,69","692,60",0
304,FR,2021-03-13,"67114992,00","17032,00","245178,00","25,38","6,95","365,31",0
305,FR,2021-03-14,"67114992,00","4246,00","54672,00","6,33","7,77","81,46",0
306,FR,2021-03-15,"67114992,00","38786,00","495377,00","57,79","7,83","738,10",0
307,FR,2021-03-16,"67114992,00","30766,00","449165,00","45,84","6,85","669,25",0
308,FR,2021-03-17,"67114992,00","30446,00","404927,00","45,36","7,52","603,33",0
309,FR,2021-03-18,"67114992,00","31208,00","483710,00","46,50","6,45","720,72",0
310,FR,2021-03-19,"67114992,00","33211,00","545585,00","49,48","6,09","812,91",0
311,FR,2021-03-20,"67114992,00","20736,00","283120,00","30,90","7,32","421,84",0
312,FR,2021-03-21,"67114992,00","5011,00","59797,00","7,47","8,38","89,10",0
313,FR,2021-03-22,"67114992,00","46960,00","581870,00","69,97","8,07","866,97",0
314,FR,2021-03-23,"67114992,00","38102,00","535945,00","56,77","7,11","798,55",0
315,FR,2021-03-24,"67114992,00","37147,00","483579,00","55,35","7,68","720,52",0
316,FR,2021-03-25,"67114992,00","38239,00","571179,00","56,98","6,69","851,05",0
317,FR,2021-03-26,"67114992,00","39973,00","635495,00","59,56","6,29","946,87",0
318,FR,2021-03-27,"67114992,00","25164,00","347661,00","37,49","7,24","518,01",0
319,FR,2021-03-28,"67114992,00","5130,00","63418,00","7,64","8,09","94,49",0
320,FR,2021-03-29,"67114992,00","53147,00","687918,00","79,19","7,73","1024,98",0
321,FR,2021-03-30,"67114992,00","43578,00","656730,00","64,93","6,64","978,51",0
322,FR,2021-03-31,"67114992,00","39653,00","570865,00","59,08","6,95","850,58",0
323,FR,2021-04-01,"67114992,00","39522,00","660705,00","58,89","5,98","984,44",0
324,FR,2021-04-02,"67114992,00","38714,00","671048,00","57,68","5,77","999,85",0
325,FR,2021-04-03,"67114992,00","24341,00","406885,00","36,27","5,98","606,25",0
326,FR,2021-04-04,"67114992,00","4932,00","66172,00","7,35","7,45","98,59",0
327,FR,2021-04-05,"67114992,00","8620,00","103118,00","12,84","8,36","153,64",0
328,FR,2021-04-06,"67114992,00","53856,00","630921,00","80,24","8,54","940,06",0
329,FR,2021-04-07,"67114992,00","39132,00","478424,00","58,31","8,18","712,84",0
330,FR,2021-04-08,"67114992,00","37020,00","469921,00","55,16","7,88","700,17",0
331,FR,2021-04-09,"67114992,00","37994,00","510247,00","56,61","7,45","760,26",0
332,FR,2021-04-10,"67114992,00","24085,00","296445,00","35,89","8,12","441,70",0
333,FR,2021-04-11,"67114992,00","5020,00","59451,00","7,48","8,44","88,58",0
334,FR,2021-04-12,"67114992,00","46313,00","480572,00","69,01","9,64","716,04",0
335,FR,2021-04-13,"67114992,00","34360,00","392001,00","51,20","8,77","584,07",0
336,FR,2021-04-14,"67114992,00","31741,00","370718,00","47,29","8,56","552,36",0
337,FR,2021-04-15,"67114992,00","31452,00","376593,00","46,86","8,35","561,12",0
338,FR,2021-04-16,"67114992,00","32307,00","418166,00","48,14","7,73","623,06",0
339,FR,2021-04-17,"67114992,00","20428,00","248817,00","30,44","8,21","370,73",0
340,FR,2021-04-18,"67114992,00","4600,00","52407,00","6,85","8,78","78,09",0
341,FR,2021-04-19,"67114992,00","41391,00","419189,00","61,67","9,87","624,58",0
342,FR,2021-04-20,"67114992,00","30766,00","344171,00","45,84","8,94","512,81",0
343,FR,2021-04-21,"67114992,00","29225,00","326991,00","43,54","8,94","487,21",0
344,FR,2021-04-22,"67114992,00","28024,00","331587,00","41,76","8,45","494,06",0
345,FR,2021-04-23,"67114992,00","28377,00","378574,00","42,28","7,50","564,07",0
346,FR,2021-04-24,"67114992,00","17528,00","224262,00","26,12","7,82","334,15",0
347,FR,2021-04-25,"67114992,00","3635,00","49405,00","5,42","7,36","73,61",0
348,FR,2021-04-26,"67114992,00","34240,00","407954,00","51,02","8,39","607,84",0
349,FR,2021-04-27,"67114992,00","24834,00","360498,00","37,00","6,89","537,13",0
350,FR,2021-04-28,"67114992,00","22135,00","315796,00","32,98","7,01","470,53",0
351,FR,2021-04-29,"67114992,00","21325,00","387613,00","31,77","5,50","577,54",0
352,FR,2021-04-30,"67114992,00","22681,00","471331,00","33,79","4,81","702,27",0
353,FR,2021-05-01,"67114992,00","4004,00","69634,00","5,97","5,75","103,75",0
354,FR,2021-05-02,"67114992,00","3569,00","58276,00","5,32","6,12","86,83",0
355,FR,2021-05-03,"67114992,00","28951,00","474154,00","43,14","6,11","706,48",0
356,FR,2021-05-04,"67114992,00","20223,00","406334,00","30,13","4,98","605,43",0
357,FR,2021-05-05,"67114992,00","17649,00","354805,00","26,30","4,97","528,65",0
358,FR,2021-05-06,"67114992,00","17165,00","444921,00","25,58","3,86","662,92",0
359,FR,2021-05-07,"67114992,00","18178,00","509301,00","27,08","3,57","758,85",0
360,FR,2021-05-08,"67114992,00","4041,00","87199,00","6,02","4,63","129,92",0
361,FR,2021-05-09,"67114992,00","2886,00","58054,00","4,30","4,97","86,50",0
362,FR,2021-05-10,"67114992,00","23947,00","522969,00","35,68","4,58","779,21",0
363,FR,2021-05-11,"67114992,00","16665,00","481785,00","24,83","3,46","717,85",0
364,FR,2021-05-12,"67114992,00","16073,00","450266,00","23,95","3,57","670,89",0
365,FR,2021-05-13,"67114992,00","3064,00","78716,00","4,57","3,89","117,29",0
366,FR,2021-05-14,"67114992,00","17431,00","453582,00","25,97","3,84","675,83",0
367,FR,2021-05-15,"67114992,00","8935,00","228684,00","13,31","3,91","340,73",0
368,FR,2021-05-16,"67114992,00","2324,00","54433,00","3,46","4,27","81,10",0
369,FR,2021-05-17,"67114992,00","19820,00","474183,00","29,53","4,18","706,52",0
370,FR,2021-05-18,"67114992,00","15534,00","437931,00","23,15","3,55","652,51",0
371,FR,2021-05-19,"67114992,00","13711,00","388358,00","20,43","3,53","578,65",0
372,FR,2021-05-20,"67114992,00","12580,00","430548,00","18,74","2,92","641,51",0
373,FR,2021-05-21,"67114992,00","12526,00","454558,00","18,66","2,76","677,28",0
374,FR,2021-05-22,"67114992,00","7816,00","245403,00","11,65","3,18","365,65",0
375,FR,2021-05-23,"67114992,00","1787,00","52640,00","2,66","3,39","78,43",0
376,FR,2021-05-24,"67114992,00","3517,00","97046,00","5,24","3,62","144,60",0
377,FR,2021-05-25,"67114992,00","16586,00","485905,00","24,71","3,41","723,99",0
378,FR,2021-05-26,"67114992,00","11888,00","357528,00","17,71","3,33","532,71",0
379,FR,2021-05-27,"67114992,00","11162,00","408497,00","16,63","2,73","608,65",0
380,FR,2021-05-28,"67114992,00","10641,00","447306,00","15,85","2,38","666,48",0
381,FR,2021-05-29,"67114992,00","6384,00","229708,00","9,51","2,78","342,26",0
382,FR,2021-05-30,"67114992,00","1504,00","51317,00","2,24","2,93","76,46",0
383,FR,2021-05-31,"67114992,00","11824,00","400508,00","17,62","2,95","596,75",0
384,FR,2021-06-01,"67114992,00","8000,00","348834,00","11,92","2,29","519,76",0
385,FR,2021-06-02,"67114992,00","7633,00","314715,00","11,37","2,43","468,92",0
386,FR,2021-06-03,"67114992,00","7053,00","367378,00","10,51","1,92","547,39",0
387,FR,2021-06-04,"67114992,00","6655,00","420013,00","9,92","1,58","625,81",0
388,FR,2021-06-05,"67114992,00","3972,00","212810,00","5,92","1,87","317,08",0
389,FR,2021-06-06,"67114992,00","911,00","46115,00","1,36","1,98","68,71",0
390,FR,2021-06-07,"67114992,00","7319,00","375703,00","10,91","1,95","559,79",0
391,FR,2021-06-08,"67114992,00","5050,00","328314,00","7,52","1,54","489,18",0
392,FR,2021-06-09,"67114992,00","4247,00","280843,00","6,33","1,51","418,45",0
393,FR,2021-06-10,"67114992,00","3849,00","342245,00","5,73","1,12","509,94",0
394,FR,2021-06-11,"67114992,00","3989,00","382040,00","5,94","1,04","569,23",0
395,FR,2021-06-12,"67114992,00","2220,00","198801,00","3,31","1,12","296,21",0
396,FR,2021-06-13,"67114992,00","521,00","46676,00","0,78","1,12","69,55",0
397,FR,2021-06-14,"67114992,00","3990,00","341610,00","5,95","1,17","508,99",0
398,FR,2021-06-15,"67114992,00","2869,00","284022,00","4,27","1,01","423,19",0
399,FR,2021-06-16,"67114992,00","2550,00","251151,00","3,80","1,02","374,21",0
400,FR,2021-06-17,"67114992,00","2525,00","319496,00","3,76","0,79","476,04",0
401,FR,2021-06-18,"67114992,00","2612,00","387185,00","3,89","0,67","576,90",0
402,FR,2021-06-19,"67114992,00","1457,00","205068,00","2,17","0,71","305,55",0
403,FR,2021-06-20,"67114992,00","392,00","50057,00","0,58","0,78","74,58",0
404,FR,2021-06-21,"67114992,00","2736,00","315358,00","4,08","0,87","469,88",0
405,FR,2021-06-22,"67114992,00","2101,00","257837,00","3,13","0,81","384,17",0
406,FR,2021-06-23,"67114992,00","2013,00","233231,00","3,00","0,86","347,51",0
407,FR,2021-06-24,"67114992,00","1999,00","291411,00","2,98","0,69","434,20",0
408,FR,2021-06-25,"67114992,00","2166,00","354947,00","3,23","0,61","528,86",0
409,FR,2021-06-26,"67114992,00","1322,00","208724,00","1,97","0,63","310,99",0
410,FR,2021-06-27,"67114992,00","436,00","52491,00","0,65","0,83","78,21",0
411,FR,2021-06-28,"67114992,00","2884,00","320881,00","4,30","0,90","478,11",0
412,FR,2021-06-29,"67114992,00","2384,00","263577,00","3,55","0,90","392,72",0
413,FR,2021-06-30,"67114992,00","2825,00","268700,00","4,21","1,05","400,36",0
414,FR,2021-07-01,"67114992,00","2732,00","324465,00","4,07","0,84","483,45",0
415,FR,2021-07-02,"67114992,00","3177,00","397804,00","4,73","0,80","592,72",0
416,FR,2021-07-03,"67114992,00","2207,00","268448,00","3,29","0,82","399,98",0
417,FR,2021-07-04,"67114992,00","768,00","67471,00","1,14","1,14","100,53",0
418,FR,2021-07-05,"67114992,00","4632,00","374517,00","6,90","1,24","558,02",0
419,FR,2021-07-06,"67114992,00","3898,00","294551,00","5,81","1,32","438,88",0
420,FR,2021-07-07,"67114992,00","4570,00","309832,00","6,81","1,47","461,64",0
421,FR,2021-07-08,"67114992,00","4570,00","359051,00","6,81","1,27","534,98",0
422,FR,2021-07-09,"67114992,00","5093,00","465163,00","7,59","1,09","693,08",0
423,FR,2021-07-10,"67114992,00","3554,00","344567,00","5,30","1,03","513,40",0
424,FR,2021-07-11,"67114992,00","1262,00","90522,00","1,88","1,39","134,88",0
425,FR,2021-07-12,"67114992,00","8580,00","393206,00","12,78","2,18","585,87",0
426,FR,2021-07-13,"67114992,00","8817,00","405974,00","13,14","2,17","604,89",0
427,FR,2021-07-14,"67114992,00","2618,00","113660,00","3,90","2,30","169,35",0
428,FR,2021-07-15,"67114992,00","13472,00","444439,00","20,07","3,03","662,21",0
429,FR,2021-07-16,"67114992,00","12738,00","492441,00","18,98","2,59","733,73",0
430,FR,2021-07-17,"67114992,00","9857,00","368187,00","14,69","2,68","548,59",0
431,FR,2021-07-18,"67114992,00","3316,00","100623,00","4,94","3,30","149,93",0
432,FR,2021-07-19,"67114992,00","22921,00","443175,00","34,15","5,17","660,32",0
433,FR,2021-07-20,"67114992,00","20814,00","418332,00","31,01","4,98","623,31",0
434,FR,2021-07-21,"67114992,00","22539,00","515085,00","33,58","4,38","767,47",0
435,FR,2021-07-22,"67114992,00","20745,00","497755,00","30,91","4,17","741,65",0
436,FR,2021-07-23,"67114992,00","22594,00","725603,00","33,66","3,11","1081,13",0
437,FR,2021-07-24,"67114992,00","15974,00","566508,00","23,80","2,82","844,09",0
438,FR,2021-07-25,"67114992,00","4681,00","143031,00","6,97","3,27","213,11",0
439,FR,2021-07-26,"67114992,00","33247,00","631269,00","49,54","5,27","940,58",0
440,FR,2021-07-27,"67114992,00","25719,00","531651,00","38,32","4,84","792,15",0
441,FR,2021-07-28,"67114992,00","25047,00","537606,00","37,32","4,66","801,02",0
442,FR,2021-07-29,"67114992,00","24180,00","605242,00","36,03","4,00","901,80",0
443,FR,2021-07-30,"67114992,00","24262,00","842752,00","36,15","2,88","1255,68",0
444,FR,2021-07-31,"67114992,00","16000,00","622477,00","23,84","2,57","927,48",0
445,FR,2021-08-01,"67114992,00","4720,00","158844,00","7,03","2,97","236,67",0
446,FR,2021-08-02,"67114992,00","34317,00","670400,00","51,13","5,12","998,88",0
447,FR,2021-08-03,"67114992,00","26712,00","551146,00","39,80","4,85","821,20",0
448,FR,2021-08-04,"67114992,00","25831,00","550507,00","38,49","4,69","820,24",0
449,FR,2021-08-05,"67114992,00","25168,00","600065,00","37,50","4,19","894,08",0
450,FR,2021-08-06,"67114992,00","25837,00","812348,00","38,50","3,18","1210,38",0
451,FR,2021-08-07,"67114992,00","17256,00","623910,00","25,71","2,77","929,61",0
452,FR,2021-08-08,"67114992,00","5401,00","181628,00","8,05","2,97","270,62",0
453,FR,2021-08-09,"67114992,00","36175,00","945264,00","53,90","3,83","1408,42",0
454,FR,2021-08-10,"67114992,00","28708,00","823255,00","42,77","3,49","1226,63",0
455,FR,2021-08-11,"67114992,00","27051,00","774341,00","40,31","3,49","1153,75",0
456,FR,2021-08-12,"67114992,00","26531,00","863399,00","39,53","3,07","1286,45",0
457,FR,2021-08-13,"67114992,00","25286,00","1003138,00","37,68","2,52","1494,66",0
458,FR,2021-08-14,"67114992,00","17667,00","840416,00","26,32","2,10","1252,20",0
459,FR,2021-08-15,"67114992,00","5193,00","197712,00","7,74","2,63","294,59",0
460,FR,2021-08-16,"67114992,00","34282,00","975545,00","51,08","3,51","1453,54",0
461,FR,2021-08-17,"67114992,00","25329,00","821154,00","37,74","3,08","1223,50",0
462,FR,2021-08-18,"67114992,00","23029,00","753918,00","34,31","3,05","1123,32",0
463,FR,2021-08-19,"67114992,00","21908,00","856374,00","32,64","2,56","1275,98",0
464,FR,2021-08-20,"67114992,00","22443,00","1064779,00","33,44","2,11","1586,50",0
465,FR,2021-08-21,"67114992,00","14930,00","769629,00","22,25","1,94","1146,73",0
466,FR,2021-08-22,"67114992,00","4577,00","182362,00","6,82","2,51","271,72",0
467,FR,2021-08-23,"67114992,00","29725,00","896951,00","44,29","3,31","1336,44",0
468,FR,2021-08-24,"67114992,00","21399,00","738124,00","31,88","2,90","1099,79",0
469,FR,2021-08-25,"67114992,00","19001,00","674288,00","28,31","2,82","1004,68",0
470,FR,2021-08-26,"67114992,00","17805,00","756550,00","26,53","2,35","1127,24",0
471,FR,2021-08-27,"67114992,00","17817,00","979330,00","26,55","1,82","1459,18",0
472,FR,2021-08-28,"67114992,00","11560,00","726281,00","17,22","1,59","1082,14",0
473,FR,2021-08-29,"67114992,00","3558,00","170166,00","5,30","2,09","253,54",0
474,FR,2021-08-30,"67114992,00","22476,00","823592,00","33,49","2,73","1227,14",0
475,FR,2021-08-31,"67114992,00","16366,00","643538,00","24,39","2,54","958,86",0
476,FR,2021-09-01,"67114992,00","15285,00","572411,00","22,77","2,67","852,88",0
477,FR,2021-09-02,"67114992,00","13161,00","618938,00","19,61","2,13","922,21",0
478,FR,2021-09-03,"67114992,00","13095,00","846010,00","19,51","1,55","1260,54",0
479,FR,2021-09-04,"67114992,00","9274,00","658204,00","13,82","1,41","980,71",0
480,FR,2021-09-05,"67114992,00","2791,00","140360,00","4,16","1,99","209,13",0
481,FR,2021-09-06,"67114992,00","16639,00","689464,00","24,79","2,41","1027,29",0
482,FR,2021-09-07,"67114992,00","11699,00","550669,00","17,43","2,12","820,49",0
483,FR,2021-09-08,"67114992,00","10522,00","518235,00","15,68","2,03","772,16",0
484,FR,2021-09-09,"67114992,00","9946,00","613785,00","14,82","1,62","914,53",0
485,FR,2021-09-10,"67114992,00","9798,00","836864,00","14,60","1,17","1246,91",0
486,FR,2021-09-11,"67114992,00","6542,00","637446,00","9,75","1,03","949,78",0
487,FR,2021-09-12,"67114992,00","1885,00","137549,00","2,81","1,37","204,95",0
488,FR,2021-09-13,"67114992,00","11790,00","665738,00","17,57","1,77","991,94",0
489,FR,2021-09-14,"67114992,00","8403,00","550105,00","12,52","1,53","819,65",0
490,FR,2021-09-15,"67114992,00","7897,00","497477,00","11,77","1,59","741,23",0
491,FR,2021-09-16,"67114992,00","7221,00","564571,00","10,76","1,28","841,20",0
492,FR,2021-09-17,"67114992,00","7429,00","792211,00","11,07","0,94","1180,38",0
493,FR,2021-09-18,"67114992,00","5024,00","578168,00","7,49","0,87","861,46",0
494,FR,2021-09-19,"67114992,00","1402,00","120123,00","2,09","1,17","178,98",0
495,FR,2021-09-20,"67114992,00","8914,00","614165,00","13,28","1,45","915,09",0
496,FR,2021-09-21,"67114992,00","6382,00","509059,00","9,51","1,25","758,49",0
497,FR,2021-09-22,"67114992,00","5972,00","454458,00","8,90","1,31","677,13",0
498,FR,2021-09-23,"67114992,00","5915,00","532176,00","8,81","1,11","792,93",0
499,FR,2021-09-24,"67114992,00","6096,00","734037,00","9,08","0,83","1093,70",0
500,FR,2021-09-25,"67114992,00","4187,00","532292,00","6,24","0,79","793,10",0
501,FR,2021-09-26,"67114992,00","1151,00","106557,00","1,71","1,08","158,77",0
502,FR,2021-09-27,"67114992,00","7639,00","573548,00","11,38","1,33","854,58",0
503,FR,2021-09-28,"67114992,00","5552,00","486201,00","8,27","1,14","724,43",0
504,FR,2021-09-29,"67114992,00","5082,00","435996,00","7,57","1,17","649,63",0
505,FR,2021-09-30,"67114992,00","4968,00","528510,00","7,40","0,94","787,47",0
506,FR,2021-10-01,"67114992,00","4931,00","707506,00","7,35","0,70","1054,17",0
507,FR,2021-10-02,"67114992,00","3307,00","528310,00","4,93","0,63","787,17",0
508,FR,2021-10-03,"67114992,00","1048,00","99507,00","1,56","1,05","148,26",0
509,FR,2021-10-04,"67114992,00","6344,00","512891,00","9,45","1,24","764,20",0
510,FR,2021-10-05,"67114992,00","4787,00","456721,00","7,13","1,05","680,51",0
511,FR,2021-10-06,"67114992,00","4429,00","403457,00","6,60","1,10","601,14",0
512,FR,2021-10-07,"67114992,00","4632,00","472220,00","6,90","0,98","703,60",0
513,FR,2021-10-08,"67114992,00","4708,00","675328,00","7,01","0,70","1006,23",0
514,FR,2021-10-09,"67114992,00","3543,00","513684,00","5,28","0,69","765,38",0
515,FR,2021-10-10,"67114992,00","1013,00","92335,00","1,51","1,10","137,58",0
516,FR,2021-10-11,"67114992,00","6770,00","507338,00","10,09","1,33","755,92",0
517,FR,2021-10-12,"67114992,00","5319,00","445037,00","7,93","1,20","663,10",0
518,FR,2021-10-13,"67114992,00","5157,00","413878,00","7,68","1,25","616,67",0
519,FR,2021-10-14,"67114992,00","6329,00","807887,00","9,43","0,78","1203,74",0
520,FR,2021-10-15,"67114992,00","4708,00","373366,00","7,01","1,26","556,31",0
521,FR,2021-10-16,"67114992,00","3349,00","283752,00","4,99","1,18","422,78",0
522,FR,2021-10-17,"67114992,00","995,00","60703,00","1,48","1,64","90,45",0
523,FR,2021-10-18,"67114992,00","7042,00","391106,00","10,49","1,80","582,74",0
524,FR,2021-10-19,"67114992,00","5895,00","347446,00","8,78","1,70","517,69",0
525,FR,2021-10-20,"67114992,00","6175,00","314704,00","9,20","1,96","468,90",0
526,FR,2021-10-21,"67114992,00","6293,00","342065,00","9,38","1,84","509,67",0
527,FR,2021-10-22,"67114992,00","6341,00","436630,00","9,45","1,45","650,57",0
528,FR,2021-10-23,"67114992,00","4456,00","335748,00","6,64","1,33","500,26",0
529,FR,2021-10-24,"67114992,00","1070,00","64786,00","1,59","1,65","96,53",0
530,FR,2021-10-25,"67114992,00","7643,00","350830,00","11,39","2,18","522,73",0
531,FR,2021-10-26,"67114992,00","6298,00","292892,00","9,38","2,15","436,40",0
532,FR,2021-10-27,"67114992,00","6480,00","284201,00","9,66","2,28","423,45",0
533,FR,2021-10-28,"67114992,00","6420,00","287544,00","9,57","2,23","428,43",0
534,FR,2021-10-29,"67114992,00","7578,00","377163,00","11,29","2,01","561,97",0
535,FR,2021-10-30,"67114992,00","5915,00","331950,00","8,81","1,78","494,60",0
536,FR,2021-10-31,"67114992,00","1657,00","75161,00","2,47","2,20","111,99",0
537,FR,2021-11-01,"67114992,00","2195,00","85929,00","3,27","2,55","128,03",0
538,FR,2021-11-02,"67114992,00","11823,00","370469,00","17,62","3,19","551,99",0
539,FR,2021-11-03,"67114992,00","9030,00","281099,00","13,45","3,21","418,83",0
540,FR,2021-11-04,"67114992,00","8944,00","275734,00","13,33","3,24","410,84",0
541,FR,2021-11-05,"67114992,00","9998,00","367345,00","14,90","2,72","547,34",0
542,FR,2021-11-06,"67114992,00","7709,00","303370,00","11,49","2,54","452,02",0
543,FR,2021-11-07,"67114992,00","1962,00","64082,00","2,92","3,06","95,48",0
544,FR,2021-11-08,"67114992,00","14665,00","372209,00","21,85","3,94","554,58",0
545,FR,2021-11-09,"67114992,00","11223,00","329597,00","16,72","3,41","491,09",0
546,FR,2021-11-10,"67114992,00","12213,00","354517,00","18,20","3,44","528,22",0
547,FR,2021-11-11,"67114992,00","2903,00","86210,00","4,33","3,37","128,45",0
548,FR,2021-11-12,"67114992,00","17363,00","481511,00","25,87","3,61","717,44",0
549,FR,2021-11-13,"67114992,00","10636,00","331569,00","15,85","3,21","494,03",0
550,FR,2021-11-14,"67114992,00","2939,00","68211,00","4,38","4,31","101,63",0
551,FR,2021-11-15,"67114992,00","23735,00","459116,00","35,36","5,17","684,07",0
552,FR,2021-11-16,"67114992,00","19400,00","433609,00","28,91","4,47","646,07",0
553,FR,2021-11-17,"67114992,00","20363,00","406029,00","30,34","5,02","604,98",0
554,FR,2021-11-18,"67114992,00","21584,00","445155,00","32,16","4,85","663,27",0
555,FR,2021-11-19,"67114992,00","23577,00","569412,00","35,13","4,14","848,41",0
556,FR,2021-11-20,"67114992,00","17595,00","422490,00","26,22","4,16","629,50",0
557,FR,2021-11-21,"67114992,00","4268,00","79464,00","6,36","5,37","118,40",0
558,FR,2021-11-22,"67114992,00","37240,00","615205,00","55,49","6,05","916,64",0
559,FR,2021-11-23,"67114992,00","31762,00","600895,00","47,32","5,29","895,32",0
560,FR,2021-11-24,"67114992,00","33617,00","589348,00","50,09","5,70","878,12",0
561,FR,2021-11-25,"67114992,00","35425,00","660581,00","52,78","5,36","984,25",0
562,FR,2021-11-26,"67114992,00","38120,00","770621,00","56,80","4,95","1148,21",0
563,FR,2021-11-27,"67114992,00","27346,00","547078,00","40,74","5,00","815,14",0
564,FR,2021-11-28,"67114992,00","6726,00","113179,00","10,02","5,94","168,63",0
565,FR,2021-11-29,"67114992,00","58865,00","853124,00","87,71","6,90","1271,14",0
566,FR,2021-11-30,"67114992,00","48054,00","812285,00","71,60","5,92","1210,29",0
567,FR,2021-12-01,"67114992,00","48099,00","794237,00","71,67","6,06","1183,40",0
568,FR,2021-12-02,"67114992,00","51171,00","845793,00","76,24","6,05","1260,21",0
569,FR,2021-12-03,"67114992,00","51789,00","920716,00","77,16","5,62","1371,85",0
570,FR,2021-12-04,"67114992,00","36026,00","707656,00","53,68","5,09","1054,39",0
571,FR,2021-12-05,"67114992,00","8921,00","156028,00","13,29","5,72","232,48",0
572,FR,2021-12-06,"67114992,00","73820,00","1024709,00","109,99","7,20","1526,80",0
573,FR,2021-12-07,"67114992,00","58089,00","909896,00","86,55","6,38","1355,73",0
574,FR,2021-12-08,"67114992,00","55828,00","877199,00","83,18","6,36","1307,01",0
575,FR,2021-12-09,"67114992,00","54838,00","915171,00","81,71","5,99","1363,59",0
576,FR,2021-12-10,"67114992,00","53626,00","956701,00","79,90","5,61","1425,47",0
577,FR,2021-12-11,"67114992,00","37187,00","733974,00","55,41","5,07","1093,61",0
578,FR,2021-12-12,"67114992,00","10019,00","178068,00","14,93","5,63","265,32",0
579,FR,2021-12-13,"67114992,00","79093,00","1079375,00","117,85","7,33","1608,25",0
580,FR,2021-12-14,"67114992,00","61455,00","929248,00","91,57","6,61","1384,56",0
581,FR,2021-12-15,"67114992,00","60105,00","926166,00","89,56","6,49","1379,97",0
582,FR,2021-12-16,"67114992,00","58362,00","957016,00","86,96","6,10","1425,93",0
583,FR,2021-12-17,"67114992,00","59006,00","1028652,00","87,92","5,74","1532,67",0
584,FR,2021-12-18,"67114992,00","42375,00","807642,00","63,14","5,25","1203,37",0
585,FR,2021-12-19,"67114992,00","13370,00","209806,00","19,92","6,37","312,61",0
586,FR,2021-12-20,"67114992,00","89672,00","1011691,00","133,61","8,86","1507,40",0
587,FR,2021-12-21,"67114992,00","84032,00","979881,00","125,21","8,58","1460,00",0
588,FR,2021-12-22,"67114992,00","93659,00","1152355,00","139,55","8,13","1716,99",0
589,FR,2021-12-23,"67114992,00","103855,00","1515787,00","154,74","6,85","2258,49",0
590,FR,2021-12-24,"67114992,00","97732,00","1347586,00","145,62","7,25","2007,88",0
591,FR,2021-12-25,"67114992,00","19118,00","182208,00","28,49","10,49","271,49",0
592,FR,2021-12-26,"67114992,00","33633,00","262917,00","50,11","12,79","391,74",0
593,FR,2021-12-27,"67114992,00","229114,00","1315556,00","341,38","17,42","1960,15",0
594,FR,2021-12-28,"67114992,00","209696,00","1234936,00","312,44","16,98","1840,03",0
595,FR,2021-12-29,"67114992,00","222724,00","1330075,00","331,85","16,75","1981,79",0
596,FR,2021-12-30,"67114992,00","232414,00","1599275,00","346,29","14,53","2382,89",0
597,FR,2021-12-31,"67114992,00","204118,00","1605366,00","304,13","12,71","2391,96",0
598,FR,2022-01-01,"67114992,00","31873,00","196493,00","47,49","16,22","292,77",0
599,FR,2022-01-02,"67114992,00","67347,00","375649,00","100,35","17,93","559,71",0
600,FR,2022-01-03,"67114992,00","435037,00","1929133,00","648,20","22,55","2874,37",0
601,FR,2022-01-04,"67114992,00","345220,00","1683879,00","514,37","20,50","2508,95",0
602,FR,2022-01-05,"67114992,00","306838,00","1713141,00","457,18","17,91","2552,55",0
603,FR,2022-01-06,"67114992,00","288036,00","1910756,00","429,17","15,07","2846,99",0
604,FR,2022-01-07,"67114992,00","278179,00","1816573,00","414,48","15,31","2706,66",0
605,FR,2022-01-08,"67114992,00","203000,00","1281841,00","302,47","15,84","1909,92",0
606,FR,2022-01-09,"67114992,00","75489,00","445669,00","112,48","16,94","664,04",0
607,FR,2022-01-10,"67114992,00","431709,00","2222923,00","643,24","19,42","3312,11",0
608,FR,2022-01-11,"67114992,00","335225,00","1634987,00","499,48","20,50","2436,10",0
609,FR,2022-01-12,"67114992,00","340759,00","1505370,00","507,72","22,64","2242,97",0
610,FR,2022-01-13,"67114992,00","315975,00","1412705,00","470,80","22,37","2104,90",0
611,FR,2022-01-14,"67114992,00","325575,00","1421757,00","485,10","22,90","2118,39",0
612,FR,2022-01-15,"67114992,00","249241,00","1056480,00","371,36","23,59","1574,13",0
613,FR,2022-01-16,"67114992,00","97316,00","379326,00","145,00","25,65","565,19",0
614,FR,2022-01-17,"67114992,00","531122,00","1787173,00","791,36","29,72","2662,85",0
615,FR,2022-01-18,"67114992,00","418010,00","1489654,00","622,83","28,06","2219,55",0
616,FR,2022-01-19,"67114992,00","419836,00","1509885,00","625,55","27,81","2249,70",0
617,FR,2022-01-20,"67114992,00","391581,00","1398538,00","583,45","28,00","2083,79",0
618,FR,2022-01-21,"67114992,00","379384,00","1366436,00","565,27","27,76","2035,96",0
619,FR,2022-01-22,"67114992,00","281571,00","1025677,00","419,54","27,45","1528,24",0
620,FR,2022-01-23,"67114992,00","101613,00","350806,00","151,40","28,97","522,69",0
621,FR,2022-01-24,"67114992,00","568310,00","1697976,00","846,77","33,47","2529,95",0
622,FR,2022-01-25,"67114992,00","399827,00","1298091,00","595,73","30,80","1934,13",0
623,FR,2022-01-26,"67114992,00","382137,00","1265235,00","569,38","30,20","1885,17",0
624,FR,2022-01-27,"67114992,00","345038,00","1133914,00","514,10","30,43","1689,51",0
625,FR,2022-01-28,"67114992,00","325861,00","1099092,00","485,53","29,65","1637,63",0
626,FR,2022-01-29,"67114992,00","234350,00","806213,00","349,18","29,07","1201,24",0
627,FR,2022-01-30,"67114992,00","79532,00","268133,00","118,50","29,66","399,51",0
628,FR,2022-01-31,"67114992,00","450455,00","1334590,00","671,17","33,75","1988,51",0
629,FR,2022-02-01,"67114992,00","294562,00","967557,00","438,89","30,44","1441,64",0
630,FR,2022-02-02,"67114992,00","273118,00","927265,00","406,94","29,45","1381,61",0
631,FR,2022-02-03,"67114992,00","231504,00","806596,00","344,94","28,70","1201,81",0
632,FR,2022-02-04,"67114992,00","209115,00","769655,00","311,58","27,17","1146,77",0
633,FR,2022-02-05,"67114992,00","147485,00","567625,00","219,75","25,98","845,75",0
634,FR,2022-02-06,"67114992,00","45200,00","174504,00","67,35","25,90","260,01",0
635,FR,2022-02-07,"67114992,00","258216,00","857622,00","384,74","30,11","1277,84",0
636,FR,2022-02-08,"67114992,00","159619,00","605704,00","237,83","26,35","902,49",0
637,FR,2022-02-09,"67114992,00","149809,00","577291,00","223,21","25,95","860,15",0
638,FR,2022-02-10,"67114992,00","127529,00","516785,00","190,02","24,68","770,00",0
639,FR,2022-02-11,"67114992,00","116709,00","504421,00","173,89","23,14","751,58",0
640,FR,2022-02-12,"67114992,00","83618,00","383955,00","124,59","21,78","572,09",0
641,FR,2022-02-13,"67114992,00","26407,00","122863,00","39,35","21,49","183,06",0
642,FR,2022-02-14,"67114992,00","147636,00","571617,00","219,97","25,83","851,70",0
643,FR,2022-02-15,"67114992,00","93601,00","418343,00","139,46","22,37","623,32",0
644,FR,2022-02-16,"67114992,00","91681,00","410775,00","136,60","22,32","612,05",0
645,FR,2022-02-17,"67114992,00","79698,00","367760,00","118,75","21,67","547,96",0
646,FR,2022-02-18,"67114992,00","75176,00","372109,00","112,01","20,20","554,43",0
647,FR,2022-02-19,"67114992,00","56468,00","309255,00","84,14","18,26","460,78",0
648,FR,2022-02-20,"67114992,00","17353,00","100824,00","25,86","17,21","150,23",0
649,FR,2022-02-21,"67114992,00","100371,00","445348,00","149,55","22,54","663,56",0
650,FR,2022-02-22,"67114992,00","64245,00","341641,00","95,72","18,80","509,04",0
651,FR,2022-02-23,"67114992,00","64849,00","328839,00","96,62","19,72","489,96",0
652,FR,2022-02-24,"67114992,00","57284,00","303692,00","85,35","18,86","452,50",0
653,FR,2022-02-25,"67114992,00","53085,00","305161,00","79,10","17,40","454,68",0
654,FR,2022-02-26,"67114992,00","41227,00","258632,00","61,43","15,94","385,36",0
655,FR,2022-02-27,"67114992,00","13124,00","89023,00","19,55","14,74","132,64",0
656,FR,2022-02-28,"67114992,00","82785,00","393629,00","123,35","21,03","586,50",0
657,FR,2022-03-01,"67114992,00","55719,00","303650,00","83,02","18,35","452,43",0
658,FR,2022-03-02,"67114992,00","60313,00","300257,00","89,87","20,09","447,38",0
659,FR,2022-03-03,"67114992,00","56884,00","286484,00","84,76","19,86","426,86",0
660,FR,2022-03-04,"67114992,00","53405,00","287328,00","79,57","18,59","428,11",0
661,FR,2022-03-05,"67114992,00","44320,00","252847,00","66,04","17,53","376,74",0
662,FR,2022-03-06,"67114992,00","15039,00","86134,00","22,41","17,46","128,34",0
663,FR,2022-03-07,"67114992,00","97169,00","415345,00","144,78","23,39","618,86",0
664,FR,2022-03-08,"67114992,00","67544,00","327389,00","100,64","20,63","487,80",0
665,FR,2022-03-09,"67114992,00","74905,00","332010,00","111,61","22,56","494,69",0
666,FR,2022-03-10,"67114992,00","72344,00","322429,00","107,79","22,44","480,41",0
667,FR,2022-03-11,"67114992,00","72278,00","337692,00","107,69","21,40","503,15",0
668,FR,2022-03-12,"67114992,00","59567,00","287705,00","88,75","20,70","428,67",0
669,FR,2022-03-13,"67114992,00","19113,00","92282,00","28,48","20,71","137,50",0
670,FR,2022-03-14,"67114992,00","135167,00","494882,00","201,40","27,31","737,36",0
671,FR,2022-03-15,"67114992,00","94264,00","391005,00","140,45","24,11","582,59",0
672,FR,2022-03-16,"67114992,00","102061,00","400132,00","152,07","25,51","596,19",0
673,FR,2022-03-17,"67114992,00","98204,00","387222,00","146,32","25,36","576,95",0
674,FR,2022-03-18,"67114992,00","97959,00","393591,00","145,96","24,89","586,44",0
675,FR,2022-03-19,"67114992,00","79652,00","324996,00","118,68","24,51","484,24",0
676,FR,2022-03-20,"67114992,00","24287,00","103918,00","36,19","23,37","154,84",0
677,FR,2022-03-21,"67114992,00","195138,00","643143,00","290,75","30,34","958,27",0
678,FR,2022-03-22,"67114992,00","140826,00","502488,00","209,83","28,03","748,70",0
679,FR,2022-03-23,"67114992,00","149672,00","522877,00","223,01","28,62","779,08",0
680,FR,2022-03-24,"67114992,00","142416,00","497324,00","212,20","28,64","741,00",0
681,FR,2022-03-25,"67114992,00","138753,00","499214,00","206,74","27,79","743,82",0
682,FR,2022-03-26,"67114992,00","106186,00","395439,00","158,22","26,85","589,20",0
683,FR,2022-03-27,"67114992,00","28546,00","114606,00","42,53","24,91","170,76",0
684,FR,2022-03-28,"67114992,00","237097,00","742774,00","353,27","31,92","1106,72",0
685,FR,2022-03-29,"67114992,00","164741,00","581086,00","245,46","28,35","865,81",0
686,FR,2022-03-30,"67114992,00","163603,00","571627,00","243,77","28,62","851,71",0
687,FR,2022-03-31,"67114992,00","145397,00","505593,00","216,64","28,76","753,32",0
688,FR,2022-04-01,"67114992,00","130776,00","462721,00","194,85","28,26","689,45",0
689,FR,2022-04-02,"67114992,00","98416,00","363306,00","146,64","27,09","541,32",0
690,FR,2022-04-03,"67114992,00","26499,00","105989,00","39,48","25,00","157,92",0
691,FR,2022-04-04,"67114992,00","220913,00","674456,00","329,16","32,75","1004,93",0
692,FR,2022-04-05,"67114992,00","155112,00","524713,00","231,11","29,56","781,81",0
693,FR,2022-04-06,"67114992,00","157530,00","528655,00","234,72","29,80","787,69",0
694,FR,2022-04-07,"67114992,00","147201,00","488321,00","219,33","30,14","727,59",0
695,FR,2022-04-08,"67114992,00","140012,00","466261,00","208,62","30,03","694,72",0
696,FR,2022-04-09,"67114992,00","102442,00","362853,00","152,64","28,23","540,64",0
697,FR,2022-04-10,"67114992,00","24481,00","99518,00","36,48","24,60","148,28",0
698,FR,2022-04-11,"67114992,00","205749,00","615022,00","306,56","33,45","916,37",0
699,FR,2022-04-12,"67114992,00","139471,00","467714,00","207,81","29,82","696,88",0
700,FR,2022-04-13,"67114992,00","134689,00","457851,00","200,68","29,42","682,19",0
701,FR,2022-04-14,"67114992,00","123558,00","415594,00","184,10","29,73","619,23",0
702,FR,2022-04-15,"67114992,00","109447,00","382901,00","163,07","28,58","570,51",0
703,FR,2022-04-16,"67114992,00","83175,00","308126,00","123,93","26,99","459,10",0
704,FR,2022-04-17,"67114992,00","19252,00","80937,00","28,69","23,79","120,59",0
705,FR,2022-04-18,"67114992,00","26995,00","110610,00","40,22","24,41","164,81",0
706,FR,2022-04-19,"67114992,00","165557,00","508404,00","246,68","32,56","757,51",0
707,FR,2022-04-20,"67114992,00","96671,00","349886,00","144,04","27,63","521,32",0
708,FR,2022-04-21,"67114992,00","85833,00","317050,00","127,89","27,07","472,40",0
709,FR,2022-04-22,"67114992,00","79431,00","313023,00","118,35","25,38","466,40",0
710,FR,2022-04-23,"67114992,00","55888,00","256514,00","83,27","21,79","382,20",0
711,FR,2022-04-24,"67114992,00","13442,00","76481,00","20,03","17,58","113,96",0
712,FR,2022-04-25,"67114992,00","103027,00","382510,00","153,51","26,93","569,93",0
713,FR,2022-04-26,"67114992,00","63680,00","281725,00","94,88","22,60","419,76",0
714,FR,2022-04-27,"67114992,00","58354,00","262551,00","86,95","22,23","391,20",0
715,FR,2022-04-28,"67114992,00","51434,00","234956,00","76,64","21,89","350,08",0
716,FR,2022-04-29,"67114992,00","48665,00","235206,00","72,51","20,69","350,45",0
717,FR,2022-04-30,"67114992,00","35301,00","195129,00","52,60","18,09","290,74",0
718,FR,2022-05-01,"67114992,00","8147,00","55775,00","12,14","14,61","83,10",0
719,FR,2022-05-02,"67114992,00","70957,00","317056,00","105,72","22,38","472,41",0
720,FR,2022-05-03,"67114992,00","45458,00","235843,00","67,73","19,27","351,40",0
721,FR,2022-05-04,"67114992,00","43628,00","226262,00","65,00","19,28","337,13",0
722,FR,2022-05-05,"67114992,00","39407,00","203123,00","58,72","19,40","302,65",0
723,FR,2022-05-06,"67114992,00","37646,00","203249,00","56,09","18,52","302,84",0
724,FR,2022-05-07,"67114992,00","28250,00","177298,00","42,09","15,93","264,17",0
725,FR,2022-05-08,"67114992,00","7197,00","55287,00","10,72","13,02","82,38",0
726,FR,2022-05-09,"67114992,00","59733,00","299847,00","89,00","19,92","446,77",0
727,FR,2022-05-10,"67114992,00","38009,00","224507,00","56,63","16,93","334,51",0
728,FR,2022-05-11,"67114992,00","35909,00","211633,00","53,50","16,97","315,33",0
729,FR,2022-05-12,"67114992,00","32151,00","191344,00","47,90","16,80","285,10",0
730,FR,2022-05-13,"67114992,00","30254,00","194308,00","45,08","15,57","289,52",0
731,FR,2022-05-14,"67114992,00","21780,00","164371,00","32,45","13,25","244,91",0
732,FR,2022-05-15,"67114992,00","5844,00","54266,00","8,71","10,77","80,86",0
733,FR,2022-05-16,"67114992,00","45524,00","274994,00","67,83","16,55","409,74",0
734,FR,2022-05-17,"67114992,00","29189,00","203506,00","43,49","14,34","303,22",0
735,FR,2022-05-18,"67114992,00","27445,00","187316,00","40,89","14,65","279,10",0
736,FR,2022-05-19,"67114992,00","23981,00","164474,00","35,73","14,58","245,06",0
737,FR,2022-05-20,"67114992,00","22300,00","161429,00","33,23","13,81","240,53",0
738,FR,2022-05-21,"67114992,00","16257,00","140023,00","24,22","11,61","208,63",0
739,FR,2022-05-22,"67114992,00","4280,00","46709,00","6,38","9,16","69,60",0
740,FR,2022-05-23,"67114992,00","33348,00","228736,00","49,69","14,58","340,81",0
741,FR,2022-05-24,"67114992,00","21170,00","155719,00","31,54","13,60","232,02",0
742,FR,2022-05-25,"67114992,00","20940,00","149820,00","31,20","13,98","223,23",0
743,FR,2022-05-26,"67114992,00","4357,00","44483,00","6,49","9,79","66,28",0
744,FR,2022-05-27,"67114992,00","24855,00","150452,00","37,03","16,52","224,17",0
745,FR,2022-05-28,"67114992,00","15444,00","128441,00","23,01","12,02","191,37",0
746,FR,2022-05-29,"67114992,00","4659,00","46731,00","6,94","9,97","69,63",0
747,FR,2022-05-30,"67114992,00","36988,00","237648,00","55,11","15,56","354,09",0
748,FR,2022-05-31,"67114992,00","25288,00","184331,00","37,68","13,72","274,65",0
749,FR,2022-06-01,"67114992,00","25528,00","176921,00","38,04","14,43","263,61",0
750,FR,2022-06-02,"67114992,00","24919,00","155657,00","37,13","16,01","231,93",0
751,FR,2022-06-03,"67114992,00","25205,00","147336,00","37,55","17,11","219,53",0
752,FR,2022-06-04,"67114992,00","19884,00","137941,00","29,63","14,41","205,53",0
753,FR,2022-06-05,"67114992,00","6180,00","46007,00","9,21","13,43","68,55",0
754,FR,2022-06-06,"67114992,00","12267,00","77592,00","18,28","15,81","115,61",0
755,FR,2022-06-07,"67114992,00","56736,00","279239,00","84,54","20,32","416,06",0
756,FR,2022-06-08,"67114992,00","39051,00","204940,00","58,19","19,05","305,36",0
757,FR,2022-06-09,"67114992,00","37145,00","184090,00","55,35","20,18","274,29",0
758,FR,2022-06-10,"67114992,00","35676,00","184569,00","53,16","19,33","275,00",0
759,FR,2022-06-11,"67114992,00","28295,00","164377,00","42,16","17,21","244,92",0
760,FR,2022-06-12,"67114992,00","8363,00","49538,00","12,46","16,88","73,81",0
761,FR,2022-06-13,"67114992,00","69443,00","300419,00","103,47","23,12","447,62",0
762,FR,2022-06-14,"67114992,00","51013,00","236786,00","76,01","21,54","352,81",0
763,FR,2022-06-15,"67114992,00","52883,00","233111,00","78,79","22,69","347,33",0
764,FR,2022-06-16,"67114992,00","50095,00","207269,00","74,64","24,17","308,83",0
765,FR,2022-06-17,"67114992,00","50679,00","208427,00","75,51","24,31","310,55",0
766,FR,2022-06-18,"67114992,00","39484,00","180142,00","58,83","21,92","268,41",0
767,FR,2022-06-19,"67114992,00","11344,00","54974,00","16,90","20,64","81,91",0
768,FR,2022-06-20,"67114992,00","100276,00","364445,00","149,41","27,51","543,02",0
769,FR,2022-06-21,"67114992,00","76896,00","295327,00","114,57","26,04","440,03",0
770,FR,2022-06-22,"67114992,00","80214,00","304266,00","119,52","26,36","453,35",0
771,FR,2022-06-23,"67114992,00","79227,00","291421,00","118,05","27,19","434,21",0
772,FR,2022-06-24,"67114992,00","81329,00","299891,00","121,18","27,12","446,83",0
773,FR,2022-06-25,"67114992,00","64672,00","257924,00","96,36","25,07","384,30",0
774,FR,2022-06-26,"67114992,00","17548,00","71089,00","26,15","24,68","105,92",0
775,FR,2022-06-27,"67114992,00","155706,00","514129,00","232,00","30,29","766,04",0
776,FR,2022-06-28,"67114992,00","123793,00","418376,00","184,45","29,59","623,37",0
777,FR,2022-06-29,"67114992,00","133403,00","449192,00","198,77","29,70","669,29",0
778,FR,2022-06-30,"67114992,00","124500,00","418968,00","185,50","29,72","624,25",0
779,FR,2022-07-01,"67863600,00","122310,00","422163,00","180,23","28,97","622,08",0
780,FR,2022-07-02,"67863600,00","92228,00","340778,00","135,90","27,06","502,15",0
781,FR,2022-07-03,"67863600,00","24994,00","90178,00","36,83","27,72","132,88",0
782,FR,2022-07-04,"67863600,00","221458,00","641002,00","326,33","34,55","944,54",0
783,FR,2022-07-05,"67863600,00","152848,00","470626,00","225,23","32,48","693,49",0
784,FR,2022-07-06,"67863600,00","158094,00","503027,00","232,96","31,43","741,23",0
785,FR,2022-07-07,"67863600,00","137531,00","449777,00","202,66","30,58","662,77",0
786,FR,2022-07-08,"67863600,00","129616,00","437888,00","190,99","29,60","645,25",0
787,FR,2022-07-09,"67863600,00","92812,00","334396,00","136,76","27,76","492,75",0
788,FR,2022-07-10,"67863600,00","22867,00","86487,00","33,70","26,44","127,44",0
789,FR,2022-07-11,"67863600,00","192898,00","564134,00","284,24","34,19","831,28",0
790,FR,2022-07-12,"67863600,00","122801,00","384905,00","180,95","31,90","567,17",0
791,FR,2022-07-13,"67863600,00","115529,00","381711,00","170,24","30,27","562,47",0
792,FR,2022-07-14,"67863600,00","20011,00","74423,00","29,49","26,89","109,67",0
793,FR,2022-07-15,"67863600,00","128975,00","385328,00","190,05","33,47","567,80",0
794,FR,2022-07-16,"67863600,00","68908,00","251817,00","101,54","27,36","371,06",0
795,FR,2022-07-17,"67863600,00","17688,00","70863,00","26,06","24,96","104,42",0
796,FR,2022-07-18,"67863600,00","140654,00","429610,00","207,26","32,74","633,05",0
797,FR,2022-07-19,"67863600,00","85530,00","297987,00","126,03","28,70","439,10",0
798,FR,2022-07-20,"67863600,00","79735,00","286905,00","117,49","27,79","422,77",0
799,FR,2022-07-21,"67863600,00","72817,00","258738,00","107,30","28,14","381,26",0
800,FR,2022-07-22,"67863600,00","68221,00","260246,00","100,53","26,21","383,48",0
801,FR,2022-07-23,"67863600,00","47158,00","206216,00","69,49","22,87","303,87",0
802,FR,2022-07-24,"67863600,00","11192,00","56045,00","16,49","19,97","82,58",0
803,FR,2022-07-25,"67863600,00","90349,00","329502,00","133,13","27,42","485,54",0
804,FR,2022-07-26,"67863600,00","56591,00","239811,00","83,39","23,60","353,37",0
805,FR,2022-07-27,"67863600,00","50811,00","226011,00","74,87","22,48","333,04",0
806,FR,2022-07-28,"67863600,00","44450,00","204503,00","65,50","21,74","301,34",0
807,FR,2022-07-29,"67863600,00","40911,00","201537,00","60,28","20,30","296,97",0
808,FR,2022-07-30,"67863600,00","29415,00","164471,00","43,34","17,88","242,36",0
809,FR,2022-07-31,"67863600,00","7343,00","47482,00","10,82","15,46","69,97",0
810,FR,2022-08-01,"67863600,00","56927,00","241555,00","83,88","23,57","355,94",0
811,FR,2022-08-02,"67863600,00","37060,00","173756,00","54,61","21,33","256,04",0
812,FR,2022-08-03,"67863600,00","33265,00","157561,00","49,02","21,11","232,17",0
813,FR,2022-08-04,"67863600,00","29945,00","137961,00","44,13","21,71","203,29",0
814,FR,2022-08-05,"67863600,00","28326,00","139974,00","41,74","20,24","206,26",0
815,FR,2022-08-06,"67863600,00","20118,00","114768,00","29,64","17,53","169,12",0
816,FR,2022-08-07,"67863600,00","5129,00","36011,00","7,56","14,24","53,06",0
817,FR,2022-08-08,"67863600,00","39747,00","177838,00","58,57","22,35","262,05",0
818,FR,2022-08-09,"67863600,00","26048,00","132573,00","38,38","19,65","195,35",0
819,FR,2022-08-10,"67863600,00","24242,00","122497,00","35,72","19,79","180,50",0
820,FR,2022-08-11,"67863600,00","22265,00","109981,00","32,81","20,24","162,06",0
821,FR,2022-08-12,"67863600,00","21103,00","108347,00","31,10","19,48","159,65",0
822,FR,2022-08-13,"67863600,00","15708,00","95385,00","23,15","16,47","140,55",0
823,FR,2022-08-14,"67863600,00","4695,00","33480,00","6,92","14,02","49,33",0
824,FR,2022-08-15,"67863600,00","6697,00","43331,00","9,87","15,46","63,85",0
825,FR,2022-08-16,"67863600,00","37130,00","163610,00","54,71","22,69","241,09",0
826,FR,2022-08-17,"67863600,00","22556,00","112362,00","33,24","20,07","165,57",0
827,FR,2022-08-18,"67863600,00","19962,00","97707,00","29,41","20,43","143,98",0
828,FR,2022-08-19,"67863600,00","19502,00","102701,00","28,74","18,99","151,33",0
829,FR,2022-08-20,"67863600,00","14249,00","91967,00","21,00","15,49","135,52",0
830,FR,2022-08-21,"67863600,00","3918,00","28999,00","5,77","13,51","42,73",0
831,FR,2022-08-22,"67863600,00","30089,00","149179,00","44,34","20,17","219,82",0
832,FR,2022-08-23,"67863600,00","20524,00","114162,00","30,24","17,98","168,22",0
